Time[s], Samp Trig 
0.000000000000000, 0
0.003865170000000, 1
0.003870310000000, 0
0.007869350000000, 1
0.007874480000000, 0
0.011873660000000, 1
0.011878790000000, 0
0.015878030000000, 1
0.015883160000000, 0
0.019882280000000, 1
0.019887410000000, 0
0.023886520000000, 1
0.023891650000000, 0
0.027890640000000, 1
0.027895780000000, 0
0.031895010000000, 1
0.031900140000000, 0
0.035899140000000, 1
0.035904270000000, 0
0.039903570000000, 1
0.039908700000000, 0
0.043907630000000, 1
0.043912760000000, 0
0.047911990000000, 1
0.047917130000000, 0
0.051916180000000, 1
0.051921310000000, 0
0.055920480000000, 1
0.055925610000000, 0
0.059924670000000, 1
0.059929800000000, 0
0.063928970000000, 1
0.063934100000000, 0
0.067933220000000, 1
0.067938350000000, 0
0.071937460000000, 1
0.071942590000000, 0
0.075941770000000, 1
0.075946900000000, 0
0.079945950000000, 1
0.079951080000000, 0
0.083950070000000, 1
0.083955200000000, 0
0.087954440000000, 1
0.087959570000000, 0
0.091958620000000, 1
0.091963750000000, 0
0.095962740000000, 1
0.095967870000000, 0
0.099967110000000, 1
0.099972240000000, 0
0.103971410000000, 1
0.103976540000000, 0
0.107975600000000, 1
0.107980730000000, 0
0.111979900000000, 1
0.111985030000000, 0
0.115984020000000, 1
0.115989160000000, 0
0.119988450000000, 1
0.119993580000000, 0
0.123992640000000, 1
0.123997770000000, 0
0.127996880000000, 1
0.128002010000000, 0
0.132001000000000, 1
0.132006130000000, 0
0.136005360000000, 1
0.136010500000000, 0
0.140009680000000, 1
0.140014810000000, 0
0.144013850000000, 1
0.144018990000000, 0
0.148017980000000, 1
0.148023110000000, 0
0.152022340000000, 1
0.152027470000000, 0
0.156026460000000, 1
0.156031600000000, 0
0.160030830000000, 1
0.160035960000000, 0
0.164034950000000, 1
0.164040080000000, 0
0.168039130000000, 1
0.168044260000000, 0
0.172043440000000, 1
0.172048570000000, 0
0.176047680000000, 1
0.176052820000000, 0
0.180051930000000, 1
0.180057060000000, 0
0.184056300000000, 1
0.184061430000000, 0
0.188060420000000, 1
0.188065550000000, 0
0.192064780000000, 1
0.192069920000000, 0
0.196068910000000, 1
0.196074040000000, 0
0.200073150000000, 1
0.200078280000000, 0
0.204077330000000, 1
0.204082460000000, 0
0.208081760000000, 1
0.208086890000000, 0
0.212086010000000, 1
0.212091140000000, 0
0.216090310000000, 1
0.216095440000000, 0
0.220094370000000, 1
0.220099500000000, 0
0.224098610000000, 1
0.224103740000000, 0
0.228103050000000, 1
0.228108180000000, 0
0.232107290000000, 1
0.232112420000000, 0
0.236111350000000, 1
0.236116480000000, 0
0.240115780000000, 1
0.240120910000000, 0
0.244119960000000, 1
0.244125090000000, 0
0.248124200000000, 1
0.248129330000000, 0
0.252128450000000, 1
0.252133580000000, 0
0.256132690000000, 1
0.256137820000000, 0
0.260136940000000, 1
0.260142070000000, 0
0.264141180000000, 1
0.264146310000000, 0
0.268145360000000, 1
0.268150500000000, 0
0.272149670000000, 1
0.272154800000000, 0
0.276153790000000, 1
0.276158920000000, 0
0.280158220000000, 1
0.280163350000000, 0
0.284162280000000, 1
0.284167410000000, 0
0.288166520000000, 1
0.288171650000000, 0
0.292170950000000, 1
0.292176090000000, 0
0.296175010000000, 1
0.296180140000000, 0
0.300179320000000, 1
0.300184450000000, 0
0.304183620000000, 1
0.304188750000000, 0
0.308187870000000, 1
0.308193000000000, 0
0.312192110000000, 1
0.312197240000000, 0
0.316196420000000, 1
0.316201550000000, 0
0.320200590000000, 1
0.320205730000000, 0
0.324204840000000, 1
0.324209970000000, 0
0.328209080000000, 1
0.328214210000000, 0
0.332213390000000, 1
0.332218520000000, 0
0.336217560000000, 1
0.336222700000000, 0
0.340221810000000, 1
0.340226940000000, 0
0.344225990000000, 1
0.344231120000000, 0
0.348230300000000, 1
0.348235430000000, 0
0.352234540000000, 1
0.352239670000000, 0
0.356238660000000, 1
0.356243790000000, 0
0.360243090000000, 1
0.360248220000000, 0
0.364247150000000, 1
0.364252280000000, 0
0.368251520000000, 1
0.368256650000000, 0
0.372255640000000, 1
0.372260770000000, 0
0.376260000000000, 1
0.376265130000000, 0
0.380264120000000, 1
0.380269250000000, 0
0.384268480000000, 1
0.384273620000000, 0
0.388272670000000, 1
0.388277800000000, 0
0.392276970000000, 1
0.392282100000000, 0
0.396281090000000, 1
0.396286220000000, 0
0.400285330000000, 1
0.400290460000000, 0
0.404289580000000, 1
0.404294710000000, 0
0.408293940000000, 1
0.408299070000000, 0
0.412298190000000, 1
0.412303320000000, 0
0.416302240000000, 1
0.416307370000000, 0
0.420306550000000, 1
0.420311680000000, 0
0.424310920000000, 1
0.424316050000000, 0
0.428315170000000, 1
0.428320300000000, 0
0.432319280000000, 1
0.432324410000000, 0
0.436323530000000, 1
0.436328660000000, 0
0.440327770000000, 1
0.440332900000000, 0
0.444332020000000, 1
0.444337150000000, 0
0.448336250000000, 1
0.448341390000000, 0
0.452340560000000, 1
0.452345700000000, 0
0.456344810000000, 1
0.456349940000000, 0
0.460348990000000, 1
0.460354120000000, 0
0.464353360000000, 1
0.464358490000000, 0
0.468357480000000, 1
0.468362610000000, 0
0.472361780000000, 1
0.472366910000000, 0
0.476365970000000, 1
0.476371100000000, 0
0.480370400000000, 1
0.480375530000000, 0
0.484374450000000, 1
0.484379590000000, 0
0.488378820000000, 1
0.488383950000000, 0
0.492382940000000, 1
0.492388070000000, 0
0.496387300000000, 1
0.496392430000000, 0
0.500391360000000, 1
0.500396490000000, 0
0.504395790000000, 1
0.504400920000000, 0
0.508399910000000, 1
0.508405040000000, 0
0.512404270000000, 1
0.512409400000000, 0
0.516408390000000, 1
0.516413530000000, 0
0.520412570000000, 1
0.520417700000000, 0
0.524416940000000, 1
0.524422080000000, 0
0.528421310000000, 1
0.528426440000000, 0
0.532425370000000, 1
0.532430500000000, 0
0.536429800000000, 1
0.536434930000000, 0
0.540434040000000, 1
0.540439180000000, 0
0.544438220000000, 1
0.544443350000000, 0
0.548442340000000, 1
0.548447470000000, 0
0.552446710000000, 1
0.552451840000000, 0
0.556450830000000, 1
0.556455960000000, 0
0.560455070000000, 1
0.560460200000000, 0
0.564459380000000, 1
0.564464510000000, 0
0.568463680000000, 1
0.568468820000000, 0
0.572467810000000, 1
0.572472940000000, 0
0.576472170000000, 1
0.576477300000000, 0
0.580476300000000, 1
0.580481430000000, 0
0.584480660000000, 1
0.584485790000000, 0
0.588484780000000, 1
0.588489920000000, 0
0.592489150000000, 1
0.592494280000000, 0
0.596493210000000, 1
0.596498340000000, 0
0.600497640000000, 1
0.600502770000000, 0
0.604501830000000, 1
0.604506960000000, 0
0.608506130000000, 1
0.608511260000000, 0
0.612510250000000, 1
0.612515380000000, 0
0.616514620000000, 1
0.616519750000000, 0
0.620518800000000, 1
0.620523940000000, 0
0.624523170000000, 1
0.624528300000000, 0
0.628527230000000, 1
0.628532360000000, 0
0.632531600000000, 1
0.632536730000000, 0
0.636535720000000, 1
0.636540850000000, 0
0.640539900000000, 1
0.640545030000000, 0
0.644544400000000, 1
0.644549530000000, 0
0.648548390000000, 1
0.648553520000000, 0
0.652552700000000, 1
0.652557830000000, 0
0.656557060000000, 1
0.656562190000000, 0
0.660561180000000, 1
0.660566320000000, 0
0.664565550000000, 1
0.664570680000000, 0
0.668569670000000, 1
0.668574810000000, 0
0.672574040000000, 1
0.672579170000000, 0
0.676578160000000, 1
0.676583300000000, 0
0.680582590000000, 1
0.680587730000000, 0
0.684586650000000, 1
0.684591790000000, 0
0.688591080000000, 1
0.688596220000000, 0
0.692595330000000, 1
0.692600470000000, 0
0.696599450000000, 1
0.696604580000000, 0
0.700603700000000, 1
0.700608830000000, 0
0.704608000000000, 1
0.704613130000000, 0
0.708612130000000, 1
0.708617260000000, 0
0.712616550000000, 1
0.712621690000000, 0
0.716620550000000, 1
0.716625680000000, 0
0.720624920000000, 1
0.720630050000000, 0
0.724629100000000, 1
0.724634240000000, 0
0.728633470000000, 1
0.728638600000000, 0
0.732637590000000, 1
0.732642730000000, 0
0.736642020000000, 1
0.736647150000000, 0
0.740646080000000, 1
0.740651220000000, 0
0.744650450000000, 1
0.744655580000000, 0
0.748654570000000, 1
0.748659710000000, 0
0.752659000000000, 1
0.752664140000000, 0
0.756663060000000, 1
0.756668200000000, 0
0.760667300000000, 1
0.760672440000000, 0
0.764671550000000, 1
0.764676690000000, 0
0.768675920000000, 1
0.768681050000000, 0
0.772679980000000, 1
0.772685110000000, 0
0.776684470000000, 1
0.776689600000000, 0
0.780688530000000, 1
0.780693670000000, 0
0.784692770000000, 1
0.784697910000000, 0
0.788697210000000, 1
0.788702340000000, 0
0.792701390000000, 1
0.792706520000000, 0
0.796705510000000, 1
0.796710640000000, 0
0.800709940000000, 1
0.800715070000000, 0
0.804714000000000, 1
0.804719130000000, 0
0.808718180000000, 1
0.808723310000000, 0
0.812722430000000, 1
0.812727560000000, 0
0.816726860000000, 1
0.816731990000000, 0
0.820730980000000, 1
0.820736110000000, 0
0.824735340000000, 1
0.824740480000000, 0
0.828739660000000, 1
0.828744790000000, 0
0.832743710000000, 1
0.832748840000000, 0
0.836747890000000, 1
0.836753020000000, 0
0.840752320000000, 1
0.840757450000000, 0
0.844756450000000, 1
0.844761580000000, 0
0.848760810000000, 1
0.848765940000000, 0
0.852764930000000, 1
0.852770070000000, 0
0.856769300000000, 1
0.856774430000000, 0
0.860773420000000, 1
0.860778550000000, 0
0.864777660000000, 1
0.864782790000000, 0
0.868782040000000, 1
0.868787170000000, 0
0.872786280000000, 1
0.872791410000000, 0
0.876790460000000, 1
0.876795600000000, 0
0.880794770000000, 1
0.880799900000000, 0
0.884799020000000, 1
0.884804150000000, 0
0.888803320000000, 1
0.888808450000000, 0
0.892807380000000, 1
0.892812510000000, 0
0.896811750000000, 1
0.896816880000000, 0
0.900816060000000, 1
0.900821190000000, 0
0.904820240000000, 1
0.904825370000000, 0
0.908824360000000, 1
0.908829490000000, 0
0.912828730000000, 1
0.912833860000000, 0
0.916832850000000, 1
0.916837980000000, 0
0.920837210000000, 1
0.920842350000000, 0
0.924841330000000, 1
0.924846470000000, 0
0.928845580000000, 1
0.928850710000000, 0
0.932849950000000, 1
0.932855080000000, 0
0.936854190000000, 1
0.936859320000000, 0
0.940858250000000, 1
0.940863380000000, 0
0.944862550000000, 1
0.944867690000000, 0
0.948866800000000, 1
0.948871930000000, 0
0.952871170000000, 1
0.952876300000000, 0
0.956875290000000, 1
0.956880420000000, 0
0.960879530000000, 1
0.960884670000000, 0
0.964883970000000, 1
0.964889100000000, 0
0.968888150000000, 1
0.968893280000000, 0
0.972892270000000, 1
0.972897400000000, 0
0.976896450000000, 1
0.976901580000000, 0
0.980900760000000, 1
0.980905890000000, 0
0.984905120000000, 1
0.984910260000000, 0
0.988909250000000, 1
0.988914380000000, 0
0.992913610000000, 1
0.992918750000000, 0
0.996917740000000, 1
0.996922870000000, 0
1.000922100000000, 1
1.000927230000000, 0
1.004926220000000, 1
1.004931350000000, 0
1.008930460000000, 1
1.008935590000000, 0
1.012934890000000, 1
1.012940030000000, 0
1.016939070000000, 1
1.016944200000000, 0
1.020943190000000, 1
1.020948320000000, 0
1.024947430000000, 1
1.024952560000000, 0
1.028951800000000, 1
1.028956940000000, 0
1.032955850000000, 1
1.032960980000000, 0
1.036960160000000, 1
1.036965290000000, 0
1.040964530000000, 1
1.040969660000000, 0
1.044968840000000, 1
1.044973970000000, 0
1.048972960000000, 1
1.048978090000000, 0
1.052977200000000, 1
1.052982340000000, 0
1.056981320000000, 1
1.056986450000000, 0
1.060985760000000, 1
1.060990890000000, 0
1.064990060000000, 1
1.064995190000000, 0
1.068994180000000, 1
1.068999310000000, 0
1.072998480000000, 1
1.073003610000000, 0
1.077002600000000, 1
1.077007730000000, 0
1.081006900000000, 1
1.081012040000000, 0
1.085011210000000, 1
1.085016340000000, 0
1.089015260000000, 1
1.089020390000000, 0
1.093019630000000, 1
1.093024770000000, 0
1.097023930000000, 1
1.097029070000000, 0
1.101028050000000, 1
1.101033190000000, 0
1.105032420000000, 1
1.105037550000000, 0
1.109036540000000, 1
1.109041670000000, 0
1.113040960000000, 1
1.113046100000000, 0
1.117045150000000, 1
1.117050280000000, 0
1.121049260000000, 1
1.121054390000000, 0
1.125053510000000, 1
1.125058640000000, 0
1.129057940000000, 1
1.129063070000000, 0
1.133062000000000, 1
1.133067130000000, 0
1.137066360000000, 1
1.137071490000000, 0
1.141070480000000, 1
1.141075620000000, 0
1.145074660000000, 1
1.145079790000000, 0
1.149078970000000, 1
1.149084100000000, 0
1.153083390000000, 1
1.153088530000000, 0
1.157087450000000, 1
1.157092580000000, 0
1.161091690000000, 1
1.161096820000000, 0
1.165095940000000, 1
1.165101070000000, 0
1.169100300000000, 1
1.169105430000000, 0
1.173104430000000, 1
1.173109560000000, 0
1.177108790000000, 1
1.177113920000000, 0
1.181112850000000, 1
1.181117980000000, 0
1.185117270000000, 1
1.185122400000000, 0
1.189121390000000, 1
1.189126520000000, 0
1.193125570000000, 1
1.193130700000000, 0
1.197129940000000, 1
1.197135070000000, 0
1.201134110000000, 1
1.201139240000000, 0
1.205138480000000, 1
1.205143620000000, 0
1.209142720000000, 1
1.209147850000000, 0
1.213146840000000, 1
1.213151970000000, 0
1.217151270000000, 1
1.217156400000000, 0
1.221155450000000, 1
1.221160580000000, 0
1.225159750000000, 1
1.225164880000000, 0
1.229163810000000, 1
1.229168940000000, 0
1.233168170000000, 1
1.233173300000000, 0
1.237172350000000, 1
1.237177490000000, 0
1.241176720000000, 1
1.241181850000000, 0
1.245180780000000, 1
1.245185910000000, 0
1.249184950000000, 1
1.249190090000000, 0
1.253189450000000, 1
1.253194580000000, 0
1.257193690000000, 1
1.257198820000000, 0
1.261197750000000, 1
1.261202880000000, 0
1.265202110000000, 1
1.265207250000000, 0
1.269206420000000, 1
1.269211560000000, 0
1.273210410000000, 1
1.273215540000000, 0
1.277214720000000, 1
1.277219850000000, 0
1.281219150000000, 1
1.281224280000000, 0
1.285223210000000, 1
1.285228340000000, 0
1.289227570000000, 1
1.289232710000000, 0
1.293231690000000, 1
1.293236830000000, 0
1.297236060000000, 1
1.297241190000000, 0
1.301240170000000, 1
1.301245310000000, 0
1.305244540000000, 1
1.305249670000000, 0
1.309248660000000, 1
1.309253790000000, 0
1.313253020000000, 1
1.313258150000000, 0
1.317257330000000, 1
1.317262460000000, 0
1.321261510000000, 1
1.321266640000000, 0
1.325265630000000, 1
1.325270760000000, 0
1.329269990000000, 1
1.329275120000000, 0
1.333274110000000, 1
1.333279240000000, 0
1.337278470000000, 1
1.337283610000000, 0
1.341282660000000, 1
1.341287790000000, 0
1.345287020000000, 1
1.345292150000000, 0
1.349291080000000, 1
1.349296210000000, 0
1.353295310000000, 1
1.353300450000000, 0
1.357299680000000, 1
1.357304820000000, 0
1.361303860000000, 1
1.361308990000000, 0
1.365308230000000, 1
1.365313360000000, 0
1.369312400000000, 1
1.369317540000000, 0
1.373316520000000, 1
1.373321660000000, 0
1.377320890000000, 1
1.377326020000000, 0
1.381325200000000, 1
1.381330330000000, 0
1.385329370000000, 1
1.385334510000000, 0
1.389333500000000, 1
1.389338630000000, 0
1.393337860000000, 1
1.393342990000000, 0
1.397342170000000, 1
1.397347300000000, 0
1.401346350000000, 1
1.401351480000000, 0
1.405350470000000, 1
1.405355600000000, 0
1.409354830000000, 1
1.409359960000000, 0
1.413358950000000, 1
1.413364080000000, 0
1.417363190000000, 1
1.417368320000000, 0
1.421367440000000, 1
1.421372570000000, 0
1.425371800000000, 1
1.425376930000000, 0
1.429376100000000, 1
1.429381240000000, 0
1.433380280000000, 1
1.433385410000000, 0
1.437384400000000, 1
1.437389530000000, 0
1.441388760000000, 1
1.441393900000000, 0
1.445393070000000, 1
1.445398200000000, 0
1.449397060000000, 1
1.449402190000000, 0
1.453401370000000, 1
1.453406500000000, 0
1.457405730000000, 1
1.457410860000000, 0
1.461409850000000, 1
1.461414980000000, 0
1.465414210000000, 1
1.465419340000000, 0
1.469418330000000, 1
1.469423460000000, 0
1.473422690000000, 1
1.473427830000000, 0
1.477426820000000, 1
1.477431950000000, 0
1.481431180000000, 1
1.481436310000000, 0
1.485435300000000, 1
1.485440430000000, 0
1.489439660000000, 1
1.489444790000000, 0
1.493443780000000, 1
1.493448920000000, 0
1.497448150000000, 1
1.497453280000000, 0
1.501452330000000, 1
1.501457460000000, 0
1.505456510000000, 1
1.505461640000000, 0
1.509460760000000, 1
1.509465890000000, 0
1.513465120000000, 1
1.513470250000000, 0
1.517469300000000, 1
1.517474430000000, 0
1.521473660000000, 1
1.521478800000000, 0
1.525477850000000, 1
1.525482980000000, 0
1.529482080000000, 1
1.529487220000000, 0
1.533486200000000, 1
1.533491340000000, 0
1.537490570000000, 1
1.537495700000000, 0
1.541494690000000, 1
1.541499820000000, 0
1.545499050000000, 1
1.545504180000000, 0
1.549503360000000, 1
1.549508490000000, 0
1.553507350000000, 1
1.553512480000000, 0
1.557511850000000, 1
1.557516980000000, 0
1.561516020000000, 1
1.561521150000000, 0
1.565520140000000, 1
1.565525280000000, 0
1.569524510000000, 1
1.569529640000000, 0
1.573528690000000, 1
1.573533830000000, 0
1.577533000000000, 1
1.577538130000000, 0
1.581537180000000, 1
1.581542310000000, 0
1.585541480000000, 1
1.585546620000000, 0
1.589545610000000, 1
1.589550740000000, 0
1.593549970000000, 1
1.593555100000000, 0
1.597554090000000, 1
1.597559230000000, 0
1.601558400000000, 1
1.601563530000000, 0
1.605562580000000, 1
1.605567720000000, 0
1.609566950000000, 1
1.609572080000000, 0
1.613571070000000, 1
1.613576200000000, 0
1.617575500000000, 1
1.617580630000000, 0
1.621579560000000, 1
1.621584690000000, 0
1.625583930000000, 1
1.625589060000000, 0
1.629588050000000, 1
1.629593180000000, 0
1.633592420000000, 1
1.633597550000000, 0
1.637596540000000, 1
1.637601670000000, 0
1.641600970000000, 1
1.641606100000000, 0
1.645605030000000, 1
1.645610160000000, 0
1.649609390000000, 1
1.649614520000000, 0
1.653613450000000, 1
1.653618580000000, 0
1.657617940000000, 1
1.657623070000000, 0
1.661622000000000, 1
1.661627130000000, 0
1.665626230000000, 1
1.665631370000000, 0
1.669630480000000, 1
1.669635610000000, 0
1.673634910000000, 1
1.673640040000000, 0
1.677638960000000, 1
1.677644100000000, 0
1.681643330000000, 1
1.681648460000000, 0
1.685647450000000, 1
1.685652580000000, 0
1.689651810000000, 1
1.689656940000000, 0
1.693656060000000, 1
1.693661190000000, 0
1.697660360000000, 1
1.697665490000000, 0
1.701664410000000, 1
1.701669550000000, 0
1.705668720000000, 1
1.705673850000000, 0
1.709673030000000, 1
1.709678160000000, 0
1.713677140000000, 1
1.713682270000000, 0
1.717681450000000, 1
1.717686580000000, 0
1.721685750000000, 1
1.721690880000000, 0
1.725689870000000, 1
1.725695000000000, 0
1.729694230000000, 1
1.729699360000000, 0
1.733698350000000, 1
1.733703490000000, 0
1.737702720000000, 1
1.737707850000000, 0
1.741706840000000, 1
1.741711970000000, 0
1.745711210000000, 1
1.745716340000000, 0
1.749715390000000, 1
1.749720520000000, 0
1.753719560000000, 1
1.753724690000000, 0
1.757723810000000, 1
1.757728940000000, 0
1.761728170000000, 1
1.761733300000000, 0
1.765732480000000, 1
1.765737610000000, 0
1.769736650000000, 1
1.769741780000000, 0
1.773740770000000, 1
1.773745900000000, 0
1.777745140000000, 1
1.777750270000000, 0
1.781749390000000, 1
1.781754520000000, 0
1.785753620000000, 1
1.785758760000000, 0
1.789757810000000, 1
1.789762940000000, 0
1.793762170000000, 1
1.793767300000000, 0
1.797766230000000, 1
1.797771360000000, 0
1.801770470000000, 1
1.801775600000000, 0
1.805774710000000, 1
1.805779850000000, 0
1.809778890000000, 1
1.809784020000000, 0
1.813783200000000, 1
1.813788330000000, 0
1.817787620000000, 1
1.817792760000000, 0
1.821791680000000, 1
1.821796810000000, 0
1.825796040000000, 1
1.825801170000000, 0
1.829800290000000, 1
1.829805420000000, 0
1.833804590000000, 1
1.833809720000000, 0
1.837808650000000, 1
1.837813780000000, 0
1.841813010000000, 1
1.841818150000000, 0
1.845817140000000, 1
1.845822270000000, 0
1.849821370000000, 1
1.849826510000000, 0
1.853825560000000, 1
1.853830690000000, 0
1.857830040000000, 1
1.857835180000000, 0
1.861834100000000, 1
1.861839230000000, 0
1.865838460000000, 1
1.865843600000000, 0
1.869842590000000, 1
1.869847720000000, 0
1.873846830000000, 1
1.873851960000000, 0
1.877851070000000, 1
1.877856200000000, 0
1.881855440000000, 1
1.881860570000000, 0
1.885859740000000, 1
1.885864880000000, 0
1.889863920000000, 1
1.889869050000000, 0
1.893868040000000, 1
1.893873180000000, 0
1.897872350000000, 1
1.897877480000000, 0
1.901876470000000, 1
1.901881600000000, 0
1.905880950000000, 1
1.905886090000000, 0
1.909885010000000, 1
1.909890150000000, 0
1.913889380000000, 1
1.913894510000000, 0
1.917893560000000, 1
1.917898690000000, 0
1.921897860000000, 1
1.921902990000000, 0
1.925901980000000, 1
1.925907110000000, 0
1.929906340000000, 1
1.929911480000000, 0
1.933910460000000, 1
1.933915600000000, 0
1.937914830000000, 1
1.937919960000000, 0
1.941918950000000, 1
1.941924080000000, 0
1.945923130000000, 1
1.945928260000000, 0
1.949927500000000, 1
1.949932630000000, 0
1.953931800000000, 1
1.953936940000000, 0
1.957935990000000, 1
1.957941120000000, 0
1.961940290000000, 1
1.961945420000000, 0
1.965944530000000, 1
1.965949660000000, 0
1.969948830000000, 1
1.969953960000000, 0
1.973952950000000, 1
1.973958090000000, 0
1.977957320000000, 1
1.977962450000000, 0
1.981961380000000, 1
1.981966510000000, 0
1.985965740000000, 1
1.985970870000000, 0
1.989969800000000, 1
1.989974930000000, 0
1.993974290000000, 1
1.993979420000000, 0
1.997978350000000, 1
1.997983480000000, 0
2.001982770000000, 1
2.001987900000000, 0
2.005986830000000, 1
2.005991960000000, 0
2.009991260000000, 1
2.009996390000000, 0
2.013995320000000, 1
2.014000450000000, 0
2.017999680000000, 1
2.018004810000000, 0
2.022003800000000, 1
2.022008930000000, 0
2.026008160000000, 1
2.026013300000000, 0
2.030012280000000, 1
2.030017420000000, 0
2.034016650000000, 1
2.034021780000000, 0
2.038020770000000, 1
2.038025900000000, 0
2.042024950000000, 1
2.042030080000000, 0
2.046029440000000, 1
2.046034580000000, 0
2.050033620000000, 1
2.050038750000000, 0
2.054037860000000, 1
2.054043000000000, 0
2.058042110000000, 1
2.058047240000000, 0
2.062046230000000, 1
2.062051360000000, 0
2.066050600000000, 1
2.066055730000000, 0
2.070054720000000, 1
2.070059850000000, 0
2.074059090000000, 1
2.074064220000000, 0
2.078063210000000, 1
2.078068340000000, 0
2.082067580000000, 1
2.082072710000000, 0
2.086071700000000, 1
2.086076830000000, 0
2.090075940000000, 1
2.090081080000000, 0
2.094080260000000, 1
2.094085390000000, 0
2.098084440000000, 1
2.098089570000000, 0
2.102088810000000, 1
2.102093940000000, 0
2.106092860000000, 1
2.106098000000000, 0
2.110097360000000, 1
2.110102500000000, 0
2.114101350000000, 1
2.114106480000000, 0
2.118105660000000, 1
2.118110790000000, 0
2.122110090000000, 1
2.122115220000000, 0
2.126114150000000, 1
2.126119280000000, 0
2.130118520000000, 1
2.130123650000000, 0
2.134122640000000, 1
2.134127770000000, 0
2.138126880000000, 1
2.138132010000000, 0
2.142131190000000, 1
2.142136320000000, 0
2.146135490000000, 1
2.146140620000000, 0
2.150139610000000, 1
2.150144750000000, 0
2.154143980000000, 1
2.154149110000000, 0
2.158148100000000, 1
2.158153230000000, 0
2.162152280000000, 1
2.162157410000000, 0
2.166156780000000, 1
2.166161910000000, 0
2.170160950000000, 1
2.170166090000000, 0
2.174165200000000, 1
2.174170340000000, 0
2.178169510000000, 1
2.178174640000000, 0
2.182173510000000, 1
2.182178640000000, 0
2.186177750000000, 1
2.186182880000000, 0
2.190182250000000, 1
2.190187380000000, 0
2.194186240000000, 1
2.194191370000000, 0
2.198190730000000, 1
2.198195860000000, 0
2.202194720000000, 1
2.202199850000000, 0
2.206199090000000, 1
2.206204220000000, 0
2.210203400000000, 1
2.210208530000000, 0
2.214207520000000, 1
2.214212650000000, 0
2.218211820000000, 1
2.218216950000000, 0
2.222216000000000, 1
2.222221130000000, 0
2.226220360000000, 1
2.226225500000000, 0
2.230224480000000, 1
2.230229620000000, 0
2.234228850000000, 1
2.234233980000000, 0
2.238232970000000, 1
2.238238100000000, 0
2.242237330000000, 1
2.242242470000000, 0
2.246241460000000, 1
2.246246590000000, 0
2.250245820000000, 1
2.250250950000000, 0
2.254250000000000, 1
2.254255130000000, 0
2.258254310000000, 1
2.258259440000000, 0
2.262258610000000, 1
2.262263750000000, 0
2.266262850000000, 1
2.266267980000000, 0
2.270266910000000, 1
2.270272040000000, 0
2.274271340000000, 1
2.274276470000000, 0
2.278275400000000, 1
2.278280530000000, 0
2.282279760000000, 1
2.282284890000000, 0
2.286283880000000, 1
2.286289020000000, 0
2.290288120000000, 1
2.290293260000000, 0
2.294292500000000, 1
2.294297630000000, 0
2.298296620000000, 1
2.298301750000000, 0
2.302300990000000, 1
2.302306120000000, 0
2.306305040000000, 1
2.306310170000000, 0
2.310309410000000, 1
2.310314550000000, 0
2.314313710000000, 1
2.314318850000000, 0
2.318318020000000, 1
2.318323160000000, 0
2.322322010000000, 1
2.322327140000000, 0
2.326326320000000, 1
2.326331450000000, 0
2.330330680000000, 1
2.330335810000000, 0
2.334334800000000, 1
2.334339940000000, 0
2.338339230000000, 1
2.338344360000000, 0
2.342343290000000, 1
2.342348420000000, 0
2.346347650000000, 1
2.346352780000000, 0
2.350351900000000, 1
2.350357030000000, 0
2.354356130000000, 1
2.354361260000000, 0
2.358360250000000, 1
2.358365380000000, 0
2.362364610000000, 1
2.362369750000000, 0
2.366368730000000, 1
2.366373860000000, 0
2.370373100000000, 1
2.370378230000000, 0
2.374377210000000, 1
2.374382350000000, 0
2.378381580000000, 1
2.378386710000000, 0
2.382385760000000, 1
2.382390890000000, 0
2.386390060000000, 1
2.386395190000000, 0
2.390394180000000, 1
2.390399310000000, 0
2.394398540000000, 1
2.394403670000000, 0
2.398402850000000, 1
2.398407980000000, 0
2.402406840000000, 1
2.402411970000000, 0
2.406411150000000, 1
2.406416280000000, 0
2.410415330000000, 1
2.410420460000000, 0
2.414419630000000, 1
2.414424760000000, 0
2.418424000000000, 1
2.418429130000000, 0
2.422428120000000, 1
2.422433250000000, 0
2.426432480000000, 1
2.426437610000000, 0
2.430436600000000, 1
2.430441730000000, 0
2.434440960000000, 1
2.434446090000000, 0
2.438445270000000, 1
2.438450400000000, 0
2.442449440000000, 1
2.442454570000000, 0
2.446453500000000, 1
2.446458630000000, 0
2.450457990000000, 1
2.450463120000000, 0
2.454462230000000, 1
2.454467360000000, 0
2.458466400000000, 1
2.458471540000000, 0
2.462470590000000, 1
2.462475720000000, 0
2.466474890000000, 1
2.466480020000000, 0
2.470479140000000, 1
2.470484270000000, 0
2.474483380000000, 1
2.474488510000000, 0
2.478487500000000, 1
2.478492630000000, 0
2.482491870000000, 1
2.482497000000000, 0
2.486496110000000, 1
2.486501240000000, 0
2.490500350000000, 1
2.490505480000000, 0
2.494504470000000, 1
2.494509610000000, 0
2.498508840000000, 1
2.498513970000000, 0
2.502513020000000, 1
2.502518160000000, 0
2.506517330000000, 1
2.506522460000000, 0
2.510521580000000, 1
2.510526710000000, 0
2.514525630000000, 1
2.514530760000000, 0
2.518529940000000, 1
2.518535070000000, 0
2.522534300000000, 1
2.522539440000000, 0
2.526538430000000, 1
2.526543560000000, 0
2.530542790000000, 1
2.530547920000000, 0
2.534546910000000, 1
2.534552040000000, 0
2.538551270000000, 1
2.538556410000000, 0
2.542555460000000, 1
2.542560590000000, 0
2.546559760000000, 1
2.546564890000000, 0
2.550563940000000, 1
2.550569070000000, 0
2.554568240000000, 1
2.554573370000000, 0
2.558572420000000, 1
2.558577560000000, 0
2.562576720000000, 1
2.562581860000000, 0
2.566580780000000, 1
2.566585910000000, 0
2.570585210000000, 1
2.570590340000000, 0
2.574589520000000, 1
2.574594650000000, 0
2.578593690000000, 1
2.578598820000000, 0
2.582597940000000, 1
2.582603070000000, 0
2.586602180000000, 1
2.586607310000000, 0
2.590606230000000, 1
2.590611370000000, 0
2.594610660000000, 1
2.594615790000000, 0
2.598614780000000, 1
2.598619910000000, 0
2.602619200000000, 1
2.602624340000000, 0
2.606623260000000, 1
2.606628390000000, 0
2.610627500000000, 1
2.610632630000000, 0
2.614631740000000, 1
2.614636880000000, 0
2.618636110000000, 1
2.618641240000000, 0
2.622640230000000, 1
2.622645360000000, 0
2.626644460000000, 1
2.626649600000000, 0
2.630648710000000, 1
2.630653840000000, 0
2.634653080000000, 1
2.634658210000000, 0
2.638657320000000, 1
2.638662450000000, 0
2.642661560000000, 1
2.642666690000000, 0
2.646665690000000, 1
2.646670820000000, 0
2.650670120000000, 1
2.650675250000000, 0
2.654674300000000, 1
2.654679430000000, 0
2.658678350000000, 1
2.658683490000000, 0
2.662682660000000, 1
2.662687800000000, 0
2.666687030000000, 1
2.666692160000000, 0
2.670691150000000, 1
2.670696290000000, 0
2.674695520000000, 1
2.674700650000000, 0
2.678699640000000, 1
2.678704780000000, 0
2.682704070000000, 1
2.682709200000000, 0
2.686708250000000, 1
2.686713390000000, 0
2.690712370000000, 1
2.690717500000000, 0
2.694716800000000, 1
2.694721930000000, 0
2.698721040000000, 1
2.698726170000000, 0
2.702725160000000, 1
2.702730290000000, 0
2.706729460000000, 1
2.706734590000000, 0
2.710733580000000, 1
2.710738710000000, 0
2.714737940000000, 1
2.714743070000000, 0
2.718742060000000, 1
2.718747190000000, 0
2.722746430000000, 1
2.722751560000000, 0
2.726750730000000, 1
2.726755870000000, 0
2.730754910000000, 1
2.730760040000000, 0
2.734759090000000, 1
2.734764220000000, 0
2.738763390000000, 1
2.738768530000000, 0
2.742767700000000, 1
2.742772840000000, 0
2.746771880000000, 1
2.746777020000000, 0
2.750776130000000, 1
2.750781260000000, 0
2.754780370000000, 1
2.754785500000000, 0
2.758784610000000, 1
2.758789750000000, 0
2.762788850000000, 1
2.762793980000000, 0
2.766792970000000, 1
2.766798100000000, 0
2.770797330000000, 1
2.770802470000000, 0
2.774801450000000, 1
2.774806590000000, 0
2.778805820000000, 1
2.778810950000000, 0
2.782810060000000, 1
2.782815200000000, 0
2.786814360000000, 1
2.786819500000000, 0
2.790818610000000, 1
2.790823740000000, 0
2.794822780000000, 1
2.794827910000000, 0
2.798826970000000, 1
2.798832100000000, 0
2.802831080000000, 1
2.802836210000000, 0
2.806835320000000, 1
2.806840450000000, 0
2.810839810000000, 1
2.810844940000000, 0
2.814843870000000, 1
2.814849000000000, 0
2.818848230000000, 1
2.818853360000000, 0
2.822852410000000, 1
2.822857550000000, 0
2.826856770000000, 1
2.826861910000000, 0
2.830860960000000, 1
2.830866090000000, 0
2.834865130000000, 1
2.834870260000000, 0
2.838869440000000, 1
2.838874570000000, 0
2.842873740000000, 1
2.842878870000000, 0
2.846877800000000, 1
2.846882930000000, 0
2.850882160000000, 1
2.850887290000000, 0
2.854886220000000, 1
2.854891350000000, 0
2.858890640000000, 1
2.858895780000000, 0
2.862894760000000, 1
2.862899900000000, 0
2.866899130000000, 1
2.866904260000000, 0
2.870903250000000, 1
2.870908380000000, 0
2.874907610000000, 1
2.874912740000000, 0
2.878911730000000, 1
2.878916860000000, 0
2.882916160000000, 1
2.882921290000000, 0
2.886920340000000, 1
2.886925470000000, 0
2.890924510000000, 1
2.890929640000000, 0
2.894928690000000, 1
2.894933830000000, 0
2.898932870000000, 1
2.898938000000000, 0
2.902937180000000, 1
2.902942310000000, 0
2.906941540000000, 1
2.906946670000000, 0
2.910945790000000, 1
2.910950920000000, 0
2.914950020000000, 1
2.914955160000000, 0
2.918954080000000, 1
2.918959210000000, 0
2.922958510000000, 1
2.922963640000000, 0
2.926962620000000, 1
2.926967760000000, 0
2.930966990000000, 1
2.930972120000000, 0
2.934971290000000, 1
2.934976430000000, 0
2.938975470000000, 1
2.938980600000000, 0
2.942979710000000, 1
2.942984850000000, 0
2.946983950000000, 1
2.946989080000000, 0
2.950988260000000, 1
2.950993390000000, 0
2.954992430000000, 1
2.954997570000000, 0
2.958996560000000, 1
2.959001690000000, 0
2.963000980000000, 1
2.963006110000000, 0
2.967005040000000, 1
2.967010170000000, 0
2.971009400000000, 1
2.971014530000000, 0
2.975013520000000, 1
2.975018650000000, 0
2.979017890000000, 1
2.979023020000000, 0
2.983022070000000, 1
2.983027200000000, 0
2.987026370000000, 1
2.987031500000000, 0
2.991030490000000, 1
2.991035620000000, 0
2.995034850000000, 1
2.995039990000000, 0
2.999039160000000, 1
2.999044290000000, 0
3.003043330000000, 1
3.003048470000000, 0
3.007047450000000, 1
3.007052590000000, 0
3.011051820000000, 1
3.011056950000000, 0
3.015055940000000, 1
3.015061070000000, 0
3.019060300000000, 1
3.019065430000000, 0
3.023064420000000, 1
3.023069550000000, 0
3.027068590000000, 1
3.027073720000000, 0
3.031072900000000, 1
3.031078030000000, 0
3.035077130000000, 1
3.035082270000000, 0
3.039081500000000, 1
3.039086640000000, 0
3.043085620000000, 1
3.043090750000000, 0
3.047089990000000, 1
3.047095120000000, 0
3.051094220000000, 1
3.051099360000000, 0
3.055098340000000, 1
3.055103470000000, 0
3.059102700000000, 1
3.059107840000000, 0
3.063106820000000, 1
3.063111960000000, 0
3.067111000000000, 1
3.067116130000000, 0
3.071115430000000, 1
3.071120560000000, 0
3.075119670000000, 1
3.075124800000000, 0
3.079123790000000, 1
3.079128930000000, 0
3.083128030000000, 1
3.083133160000000, 0
3.087132340000000, 1
3.087137470000000, 0
3.091136640000000, 1
3.091141770000000, 0
3.095140950000000, 1
3.095146080000000, 0
3.099144940000000, 1
3.099150070000000, 0
3.103149310000000, 1
3.103154440000000, 0
3.107153610000000, 1
3.107158740000000, 0
3.111157730000000, 1
3.111162860000000, 0
3.115162100000000, 1
3.115167230000000, 0
3.119166280000000, 1
3.119171410000000, 0
3.123170580000000, 1
3.123175720000000, 0
3.127174700000000, 1
3.127179840000000, 0
3.131179130000000, 1
3.131184270000000, 0
3.135183200000000, 1
3.135188330000000, 0
3.139187560000000, 1
3.139192690000000, 0
3.143191690000000, 1
3.143196820000000, 0
3.147196110000000, 1
3.147201250000000, 0
3.151200300000000, 1
3.151205430000000, 0
3.155204540000000, 1
3.155209670000000, 0
3.159208660000000, 1
3.159213790000000, 0
3.163213030000000, 1
3.163218160000000, 0
3.167217150000000, 1
3.167222280000000, 0
3.171221520000000, 1
3.171226650000000, 0
3.175225700000000, 1
3.175230840000000, 0
3.179230070000000, 1
3.179235200000000, 0
3.183234130000000, 1
3.183239260000000, 0
3.187238310000000, 1
3.187243440000000, 0
3.191242680000000, 1
3.191247820000000, 0
3.195246860000000, 1
3.195251990000000, 0
3.199251110000000, 1
3.199256240000000, 0
3.203255540000000, 1
3.203260670000000, 0
3.207259600000000, 1
3.207264730000000, 0
3.211263840000000, 1
3.211268970000000, 0
3.215268280000000, 1
3.215273410000000, 0
3.219272520000000, 1
3.219277650000000, 0
3.223276640000000, 1
3.223281780000000, 0
3.227280890000000, 1
3.227286020000000, 0
3.231285070000000, 1
3.231290210000000, 0
3.235289500000000, 1
3.235294640000000, 0
3.239293630000000, 1
3.239298760000000, 0
3.243297940000000, 1
3.243303070000000, 0
3.247302190000000, 1
3.247307320000000, 0
3.251306430000000, 1
3.251311560000000, 0
3.255310550000000, 1
3.255315690000000, 0
3.259314920000000, 1
3.259320050000000, 0
3.263319230000000, 1
3.263324370000000, 0
3.267323410000000, 1
3.267328540000000, 0
3.271327540000000, 1
3.271332670000000, 0
3.275331900000000, 1
3.275337040000000, 0
3.279336090000000, 1
3.279341220000000, 0
3.283340400000000, 1
3.283345530000000, 0
3.287344460000000, 1
3.287349590000000, 0
3.291348890000000, 1
3.291354020000000, 0
3.295353010000000, 1
3.295358140000000, 0
3.299357190000000, 1
3.299362320000000, 0
3.303361500000000, 1
3.303366640000000, 0
3.307365870000000, 1
3.307371000000000, 0
3.311370120000000, 1
3.311375250000000, 0
3.315374430000000, 1
3.315379560000000, 0
3.319378490000000, 1
3.319383620000000, 0
3.323382920000000, 1
3.323388050000000, 0
3.327386980000000, 1
3.327392110000000, 0
3.331391220000000, 1
3.331396350000000, 0
3.335395530000000, 1
3.335400670000000, 0
3.339399840000000, 1
3.339404970000000, 0
3.343403960000000, 1
3.343409090000000, 0
3.347408330000000, 1
3.347413460000000, 0
3.351412450000000, 1
3.351417590000000, 0
3.355416820000000, 1
3.355421950000000, 0
3.359421070000000, 1
3.359426200000000, 0
3.363425310000000, 1
3.363430440000000, 0
3.367429430000000, 1
3.367434570000000, 0
3.371433800000000, 1
3.371438930000000, 0
3.375437990000000, 1
3.375443120000000, 0
3.379442290000000, 1
3.379447420000000, 0
3.383446540000000, 1
3.383451670000000, 0
3.387450790000000, 1
3.387455920000000, 0
3.391454910000000, 1
3.391460040000000, 0
3.395459340000000, 1
3.395464470000000, 0
3.399463400000000, 1
3.399468530000000, 0
3.403467580000000, 1
3.403472710000000, 0
3.407471890000000, 1
3.407477020000000, 0
3.411476250000000, 1
3.411481390000000, 0
3.415480380000000, 1
3.415485510000000, 0
3.419484740000000, 1
3.419489870000000, 0
3.423488860000000, 1
3.423494000000000, 0
3.427493230000000, 1
3.427498360000000, 0
3.431497350000000, 1
3.431502490000000, 0
3.435501600000000, 1
3.435506730000000, 0
3.439505850000000, 1
3.439510980000000, 0
3.443510150000000, 1
3.443515280000000, 0
3.447514340000000, 1
3.447519470000000, 0
3.451518770000000, 1
3.451523900000000, 0
3.455522820000000, 1
3.455527960000000, 0
3.459527060000000, 1
3.459532200000000, 0
3.463531310000000, 1
3.463536440000000, 0
3.467535740000000, 1
3.467540870000000, 0
3.471539800000000, 1
3.471544930000000, 0
3.475544160000000, 1
3.475549300000000, 0
3.479548220000000, 1
3.479553360000000, 0
3.483552650000000, 1
3.483557790000000, 0
3.487556780000000, 1
3.487561910000000, 0
3.491561140000000, 1
3.491566270000000, 0
3.495565390000000, 1
3.495570520000000, 0
3.499569630000000, 1
3.499574760000000, 0
3.503573810000000, 1
3.503578950000000, 0
3.507578120000000, 1
3.507583250000000, 0
3.511582240000000, 1
3.511587370000000, 0
3.515586540000000, 1
3.515591670000000, 0
3.519590730000000, 1
3.519595860000000, 0
3.523594900000000, 1
3.523600040000000, 0
3.527599280000000, 1
3.527604410000000, 0
3.531603450000000, 1
3.531608590000000, 0
3.535607700000000, 1
3.535612840000000, 0
3.539612070000000, 1
3.539617200000000, 0
3.543616250000000, 1
3.543621390000000, 0
3.547620560000000, 1
3.547625690000000, 0
3.551624680000000, 1
3.551629810000000, 0
3.555628920000000, 1
3.555634050000000, 0
3.559633100000000, 1
3.559638230000000, 0
3.563637470000000, 1
3.563642600000000, 0
3.567641590000000, 1
3.567646720000000, 0
3.571646020000000, 1
3.571651150000000, 0
3.575650140000000, 1
3.575655270000000, 0
3.579654510000000, 1
3.579659640000000, 0
3.583658690000000, 1
3.583663830000000, 0
3.587663000000000, 1
3.587668130000000, 0
3.591667120000000, 1
3.591672250000000, 0
3.595671550000000, 1
3.595676680000000, 0
3.599675610000000, 1
3.599680740000000, 0
3.603680030000000, 1
3.603685170000000, 0
3.607684100000000, 1
3.607689230000000, 0
3.611688530000000, 1
3.611693660000000, 0
3.615692590000000, 1
3.615697720000000, 0
3.619696950000000, 1
3.619702080000000, 0
3.623701140000000, 1
3.623706270000000, 0
3.627705440000000, 1
3.627710570000000, 0
3.631709680000000, 1
3.631714820000000, 0
3.635713930000000, 1
3.635719060000000, 0
3.639718110000000, 1
3.639723240000000, 0
3.643722290000000, 1
3.643727420000000, 0
3.647726540000000, 1
3.647731670000000, 0
3.651730900000000, 1
3.651736030000000, 0
3.655735020000000, 1
3.655740160000000, 0
3.659739390000000, 1
3.659744520000000, 0
3.663743520000000, 1
3.663748650000000, 0
3.667747880000000, 1
3.667753010000000, 0
3.671752130000000, 1
3.671757260000000, 0
3.675756370000000, 1
3.675761500000000, 0
3.679760490000000, 1
3.679765620000000, 0
3.683764860000000, 1
3.683769990000000, 0
3.687768980000000, 1
3.687774110000000, 0
3.691773350000000, 1
3.691778480000000, 0
3.695777470000000, 1
3.695782600000000, 0
3.699781830000000, 1
3.699786960000000, 0
3.703785950000000, 1
3.703791090000000, 0
3.707790320000000, 1
3.707795450000000, 0
3.711794440000000, 1
3.711799580000000, 0
3.715798810000000, 1
3.715803940000000, 0
3.719802870000000, 1
3.719808000000000, 0
3.723807170000000, 1
3.723812310000000, 0
3.727811420000000, 1
3.727816560000000, 0
3.731815850000000, 1
3.731820980000000, 0
3.735819910000000, 1
3.735825040000000, 0
3.739824280000000, 1
3.739829410000000, 0
3.743828400000000, 1
3.743833530000000, 0
3.747832770000000, 1
3.747837900000000, 0
3.751836890000000, 1
3.751842020000000, 0
3.755841250000000, 1
3.755846380000000, 0
3.759845370000000, 1
3.759850500000000, 0
3.763849730000000, 1
3.763854870000000, 0
3.767853920000000, 1
3.767859050000000, 0
3.771858090000000, 1
3.771863230000000, 0
3.775862340000000, 1
3.775867480000000, 0
3.779866710000000, 1
3.779871840000000, 0
3.783870830000000, 1
3.783875960000000, 0
3.787875200000000, 1
3.787880330000000, 0
3.791879320000000, 1
3.791884450000000, 0
3.795883690000000, 1
3.795888820000000, 0
3.799887810000000, 1
3.799892940000000, 0
3.803892180000000, 1
3.803897310000000, 0
3.807896420000000, 1
3.807901560000000, 0
3.811900540000000, 1
3.811905670000000, 0
3.815904850000000, 1
3.815909980000000, 0
3.819909150000000, 1
3.819914280000000, 0
3.823913340000000, 1
3.823918470000000, 0
3.827917580000000, 1
3.827922710000000, 0
3.831921760000000, 1
3.831926900000000, 0
3.835926010000000, 1
3.835931140000000, 0
3.839930320000000, 1
3.839935450000000, 0
3.843934620000000, 1
3.843939750000000, 0
3.847938870000000, 1
3.847944000000000, 0
3.851943110000000, 1
3.851948240000000, 0
3.855947350000000, 1
3.855952490000000, 0
3.859951660000000, 1
3.859956790000000, 0
3.863955720000000, 1
3.863960850000000, 0
3.867960080000000, 1
3.867965210000000, 0
3.871964200000000, 1
3.871969330000000, 0
3.875968630000000, 1
3.875973760000000, 0
3.879972690000000, 1
3.879977820000000, 0
3.883977060000000, 1
3.883982190000000, 0
3.887981310000000, 1
3.887986440000000, 0
3.891985420000000, 1
3.891990550000000, 0
3.895989670000000, 1
3.895994800000000, 0
3.899994040000000, 1
3.899999170000000, 0
3.903998280000000, 1
3.904003420000000, 0
3.908002520000000, 1
3.908007660000000, 0
3.912006650000000, 1
3.912011780000000, 0
3.916010890000000, 1
3.916016020000000, 0
3.920015320000000, 1
3.920020460000000, 0
3.924019440000000, 1
3.924024570000000, 0
3.928023810000000, 1
3.928028950000000, 0
3.932027990000000, 1
3.932033120000000, 0
3.936032120000000, 1
3.936037250000000, 0
3.940036420000000, 1
3.940041550000000, 0
3.944040600000000, 1
3.944045740000000, 0
3.948044910000000, 1
3.948050040000000, 0
3.952049090000000, 1
3.952054220000000, 0
3.956053270000000, 1
3.956058400000000, 0
3.960057580000000, 1
3.960062710000000, 0
3.964061750000000, 1
3.964066890000000, 0
3.968066060000000, 1
3.968071190000000, 0
3.972070240000000, 1
3.972075370000000, 0
3.976074490000000, 1
3.976079620000000, 0
3.980078730000000, 1
3.980083860000000, 0
3.984083040000000, 1
3.984088170000000, 0
3.988087410000000, 1
3.988092540000000, 0
3.992091530000000, 1
3.992096660000000, 0
3.996095770000000, 1
3.996100900000000, 0
4.000100080000000, 1
4.000105210000000, 0
4.004104380000000, 1
4.004109510000000, 0
4.008108440000000, 1
4.008113570000000, 0
4.012112870000000, 1
4.012118000000000, 0
4.016117050000000, 1
4.016122190000000, 0
4.020121420000000, 1
4.020126550000001, 0
4.024125480000000, 1
4.024130610000000, 0
4.028129850000000, 1
4.028134980000000, 0
4.032133970000000, 1
4.032139100000000, 0
4.036138400000000, 1
4.036143530000000, 0
4.040142580000000, 1
4.040147710000000, 0
4.044146820000000, 1
4.044151950000000, 0
4.048150940000000, 1
4.048156080000000, 0
4.052155120000000, 1
4.052160250000000, 0
4.056159560000000, 1
4.056164690000000, 0
4.060163800000000, 1
4.060168930000000, 0
4.064167920000000, 1
4.064173050000000, 0
4.068172220000000, 1
4.068177350000000, 0
4.072176400000000, 1
4.072181530000000, 0
4.076180770000000, 1
4.076185900000000, 0
4.080184890000000, 1
4.080190020000000, 0
4.084189130000000, 1
4.084194270000000, 0
4.088193440000000, 1
4.088198570000000, 0
4.092197740000000, 1
4.092202880000000, 0
4.096201860000000, 1
4.096206990000000, 0
4.100206290000000, 1
4.100211420000000, 0
4.104210540000000, 1
4.104215670000000, 0
4.108214710000000, 1
4.108219840000000, 0
4.112218830000000, 1
4.112223970000001, 0
4.116223010000000, 1
4.116228140000000, 0
4.120227320000000, 1
4.120232450000000, 0
4.124231690000000, 1
4.124236820000000, 0
4.128235810000001, 1
4.128240940000000, 0
4.132240180000000, 1
4.132245310000000, 0
4.136244370000000, 1
4.136249500000000, 0
4.140248730000000, 1
4.140253860000001, 0
4.144252790000000, 1
4.144257930000000, 0
4.148256970000000, 1
4.148262110000000, 0
4.152261290000000, 1
4.152266420000000, 0
4.156265590000000, 1
4.156270720000000, 0
4.160269900000000, 1
4.160275030000000, 0
4.164274020000000, 1
4.164279150000000, 0
4.168278270000000, 1
4.168283400000000, 0
4.172282440000000, 1
4.172287570000000, 0
4.176286940000000, 1
4.176292070000000, 0
4.180291180000000, 1
4.180296310000000, 0
4.184295240000000, 1
4.184300370000000, 0
4.188299670000000, 1
4.188304800000000, 0
4.192303730000000, 1
4.192308860000000, 0
4.196308160000000, 1
4.196313290000000, 0
4.200312220000000, 1
4.200317350000000, 0
4.204316580000000, 1
4.204321710000000, 0
4.208320760000000, 1
4.208325890000000, 0
4.212325070000000, 1
4.212330200000000, 0
4.216329130000000, 1
4.216334260000000, 0
4.220333370000001, 1
4.220338500000000, 0
4.224337740000000, 1
4.224342880000000, 0
4.228342050000000, 1
4.228347180000000, 0
4.232346170000000, 1
4.232351300000000, 0
4.236350540000000, 1
4.236355670000000, 0
4.240354660000000, 1
4.240359790000000, 0
4.244359030000000, 1
4.244364160000000, 0
4.248363150000000, 1
4.248368280000000, 0
4.252367520000000, 1
4.252372650000000, 0
4.256371830000000, 1
4.256376960000000, 0
4.260376070000000, 1
4.260381200000000, 0
4.264380320000000, 1
4.264385450000000, 0
4.268384370000000, 1
4.268389510000000, 0
4.272388810000000, 1
4.272393940000000, 0
4.276392990000000, 1
4.276398120000001, 0
4.280397050000000, 1
4.280402180000000, 0
4.284401480000000, 1
4.284406610000000, 0
4.288405540000000, 1
4.288410670000000, 0
4.292409960000001, 1
4.292415100000000, 0
4.296414080000000, 1
4.296419220000000, 0
4.300418260000000, 1
4.300423390000000, 0
4.304422570000000, 1
4.304427700000000, 0
4.308426810000000, 1
4.308431940000000, 0
4.312431240000000, 1
4.312436380000000, 0
4.316435480000000, 1
4.316440610000000, 0
4.320439540000000, 1
4.320444670000000, 0
4.324443840000000, 1
4.324448980000000, 0
4.328448030000000, 1
4.328453160000000, 0
4.332452450000000, 1
4.332457590000000, 0
4.336456510000000, 1
4.336461640000000, 0
4.340460690000000, 1
4.340465820000000, 0
4.344464990000001, 1
4.344470130000000, 0
4.348469240000000, 1
4.348474370000000, 0
4.352473480000000, 1
4.352478610000000, 0
4.356477850000000, 1
4.356482980000000, 0
4.360482030000000, 1
4.360487170000000, 0
4.364486330000000, 1
4.364491470000000, 0
4.368490520000000, 1
4.368495650000000, 0
4.372494820000000, 1
4.372499950000000, 0
4.376498940000000, 1
4.376504070000000, 0
4.380503180000000, 1
4.380508310000000, 0
4.384507430000000, 1
4.384512560000000, 0
4.388511850000000, 1
4.388516990000000, 0
4.392515910000000, 1
4.392521040000000, 0
4.396520210000000, 1
4.396525340000000, 0
4.400524580000000, 1
4.400529720000000, 0
4.404528760000000, 1
4.404533890000000, 0
4.408532880000000, 1
4.408538010000000, 0
4.412537240000000, 1
4.412542380000000, 0
4.416541430000000, 1
4.416546560000000, 0
4.420545540000000, 1
4.420550670000000, 0
4.424550040000000, 1
4.424555170000000, 0
4.428554210000000, 1
4.428559350000000, 0
4.432558520000000, 1
4.432563650000001, 0
4.436562510000000, 1
4.436567640000000, 0
4.440566880000000, 1
4.440572010000000, 0
4.444571060000000, 1
4.444576190000000, 0
4.448575310000000, 1
4.448580440000000, 0
4.452579480000000, 1
4.452584620000000, 0
4.456583850000000, 1
4.456588990000000, 0
4.460588160000000, 1
4.460593290000000, 0
4.464592340000000, 1
4.464597470000000, 0
4.468596640000000, 1
4.468601780000000, 0
4.472600950000000, 1
4.472606090000000, 0
4.476604940000001, 1
4.476610070000000, 0
4.480609310000000, 1
4.480614450000000, 0
4.484613610000000, 1
4.484618750000000, 0
4.488617740000000, 1
4.488622870000000, 0
4.492622100000000, 1
4.492627230000000, 0
4.496626410000000, 1
4.496631540000000, 0
4.500630400000000, 1
4.500635530000000, 0
4.504634890000000, 1
4.504640020000000, 0
4.508638940000000, 1
4.508644080000000, 0
4.512643380000000, 1
4.512648510000000, 0
4.516647550000000, 1
4.516652690000000, 0
4.520651680000000, 1
4.520656810000000, 0
4.524655850000000, 1
4.524660990000000, 0
4.528660100000000, 1
4.528665230000000, 0
4.532664530000000, 1
4.532669660000000, 0
4.536668650000000, 1
4.536673780000000, 0
4.540673010000000, 1
4.540678150000000, 0
4.544677200000000, 1
4.544682330000000, 0
4.548681500000000, 1
4.548686630000000, 0
4.552685680000000, 1
4.552690820000000, 0
4.556689980000000, 1
4.556695120000000, 0
4.560694290000000, 1
4.560699420000000, 0
4.564698400000000, 1
4.564703540000000, 0
4.568702770000000, 1
4.568707910000001, 0
4.572706950000000, 1
4.572712080000001, 0
4.576711070000000, 1
4.576716210000000, 0
4.580715440000001, 1
4.580720570000000, 0
4.584719560000000, 1
4.584724690000000, 0
4.588723860000000, 1
4.588728990000000, 0
4.592728230000001, 1
4.592733360000000, 0
4.596732410000000, 1
4.596737540000000, 0
4.600736590000000, 1
4.600741720000000, 0
4.604740890000000, 1
4.604746020000000, 0
4.608745200000000, 1
4.608750330000000, 0
4.612749370000000, 1
4.612754510000000, 0
4.616753680000000, 1
4.616758820000000, 0
4.620757860000000, 1
4.620762990000000, 0
4.624761980000000, 1
4.624767110000001, 0
4.628766400000000, 1
4.628771540000000, 0
4.632770460000000, 1
4.632775600000000, 0
4.636774830000000, 1
4.636779960000000, 0
4.640779140000000, 1
4.640784270000000, 0
4.644783320000000, 1
4.644788450000000, 0
4.648787440000000, 1
4.648792570000000, 0
4.652791750000000, 1
4.652796880000000, 0
4.656795930000000, 1
4.656801060000000, 0
4.660800290000000, 1
4.660805430000000, 0
4.664804420000000, 1
4.664809550000000, 0
4.668808780000000, 1
4.668813920000000, 0
4.672812900000000, 1
4.672818040000000, 0
4.676817270000000, 1
4.676822400000000, 0
4.680821390000000, 1
4.680826520000000, 0
4.684825760000000, 1
4.684830890000000, 0
4.688829880000000, 1
4.688835020000000, 0
4.692834250000000, 1
4.692839380000000, 0
4.696838370000000, 1
4.696843510000000, 0
4.700842740000000, 1
4.700847870000000, 0
4.704846990000000, 1
4.704852120000000, 0
4.708851230000000, 1
4.708856360000000, 0
4.712855350000000, 1
4.712860480000000, 0
4.716859780000000, 1
4.716864910000000, 0
4.720863840000000, 1
4.720868970000000, 0
4.724868140000000, 1
4.724873270000000, 0
4.728872390000000, 1
4.728877520000000, 0
4.732876760000000, 1
4.732881890000000, 0
4.736880880000000, 1
4.736886010000000, 0
4.740885250000000, 1
4.740890380000000, 0
4.744889430000000, 1
4.744894560000001, 0
4.748893730000000, 1
4.748898860000000, 0
4.752897850000000, 1
4.752902990000000, 0
4.756902150000000, 1
4.756907290000000, 0
4.760906270000000, 1
4.760911410000000, 0
4.764910640000000, 1
4.764915770000000, 0
4.768914820000000, 1
4.768919950000000, 0
4.772919190000001, 1
4.772924320000000, 0
4.776923240000000, 1
4.776928380000000, 0
4.780927610000000, 1
4.780932740000000, 0
4.784931730000000, 1
4.784936860000000, 0
4.788936090000000, 1
4.788941230000000, 0
4.792940210000000, 1
4.792945350000000, 0
4.796944580000000, 1
4.796949710000000, 0
4.800948890000000, 1
4.800954020000000, 0
4.804953070000000, 1
4.804958200000000, 0
4.808957190000000, 1
4.808962320000000, 0
4.812961370000000, 1
4.812966500000000, 0
4.816965870000000, 1
4.816971000000000, 0
4.820970040000000, 1
4.820975170000001, 0
4.824974160000000, 1
4.824979290000000, 0
4.828978590000000, 1
4.828983720000000, 0
4.832982770000000, 1
4.832987900000000, 0
4.836986880000000, 1
4.836992020000000, 0
4.840991130000000, 1
4.840996260000000, 0
4.844995490000001, 1
4.845000630000000, 0
4.848999620000000, 1
4.849004750000000, 0
4.853003790000000, 1
4.853008930000000, 0
4.857008160000000, 1
4.857013300000000, 0
4.861012280000000, 1
4.861017410000001, 0
4.865016590000000, 1
4.865021720000000, 0
4.869020770000000, 1
4.869025900000000, 0
4.873025200000000, 1
4.873030340000000, 0
4.877029510000000, 1
4.877034640000000, 0
4.881033560000000, 1
4.881038700000000, 0
4.885037930000000, 1
4.885043060000000, 0
4.889042050000000, 1
4.889047180000000, 0
4.893046420000000, 1
4.893051550000000, 0
4.897050720000000, 1
4.897055860000000, 0
4.901054960000000, 1
4.901060090000001, 0
4.905058960000000, 1
4.905064090000000, 0
4.909063320000000, 1
4.909068450000000, 0
4.913067500000000, 1
4.913072640000000, 0
4.917071870000000, 1
4.917077000000000, 0
4.921076120000000, 1
4.921081250000000, 0
4.925080350000000, 1
4.925085490000000, 0
4.929084600000000, 1
4.929089730000000, 0
4.933088840000000, 1
4.933093970000000, 0
4.937092960000000, 1
4.937098090000000, 0
4.941097320000000, 1
4.941102460000000, 0
4.945101440000000, 1
4.945106580000000, 0
4.949105810000000, 1
4.949110940000000, 0
4.953109930000000, 1
4.953115060000000, 0
4.957114290000000, 1
4.957119420000000, 0
4.961118410000000, 1
4.961123550000000, 0
4.965122840000000, 1
4.965127970000000, 0
4.969127090000000, 1
4.969132220000001, 0
4.973131260000000, 1
4.973136400000000, 0
4.977135390000000, 1
4.977140520000000, 0
4.981139560000000, 1
4.981144700000000, 0
4.985143870000000, 1
4.985149000000000, 0
4.989148240000000, 1
4.989153370000000, 0
4.993152480000000, 1
4.993157610000000, 0
4.997156530000000, 1
4.997161670000000, 0
5.001160970000000, 1
5.001166100000000, 0
5.005165210000000, 1
5.005170340000000, 0
5.009169330000000, 1
5.009174460000000, 0
5.013173690000000, 1
5.013178820000000, 0
5.017177940000000, 1
5.017183070000000, 0
5.021182240000000, 1
5.021187370000000, 0
5.025186300000000, 1
5.025191430000000, 0
5.029190600000000, 1
5.029195730000001, 0
5.033194780000001, 1
5.033199920000000, 0
5.037199210000000, 1
5.037204350000000, 0
5.041203270000000, 1
5.041208410000000, 0
5.045207640000000, 1
5.045212770000000, 0
5.049211760000000, 1
5.049216890000000, 0
5.053216120000000, 1
5.053221260000000, 0
5.057220180000000, 1
5.057225310000000, 0
5.061224610000000, 1
5.061229740000000, 0
5.065228730000000, 1
5.065233860000000, 0
5.069233090000000, 1
5.069238220000000, 0
5.073237210000000, 1
5.073242340000000, 0
5.077241580000000, 1
5.077246710000000, 0
5.081245820000000, 1
5.081250960000000, 0
5.085250000000000, 1
5.085255130000000, 0
5.089254190000000, 1
5.089259320000000, 0
5.093258560000000, 1
5.093263690000000, 0
5.097262680000000, 1
5.097267810000000, 0
5.101267050000000, 1
5.101272180000000, 0
5.105271300000000, 1
5.105276430000000, 0
5.109275410000000, 1
5.109280540000000, 0
5.113279600000000, 1
5.113284730000000, 0
5.117284030000000, 1
5.117289160000000, 0
5.121288150000000, 1
5.121293280000000, 0
5.125292520000000, 1
5.125297650000000, 0
5.129296710000000, 1
5.129301840000000, 0
5.133300950000000, 1
5.133306080000001, 0
5.137305140000000, 1
5.137310270000000, 0
5.141309570000000, 1
5.141314700000000, 0
5.145313690000000, 1
5.145318820000000, 0
5.149317990000000, 1
5.149323130000000, 0
5.153322310000000, 1
5.153327440000000, 0
5.157326300000000, 1
5.157331430000000, 0
5.161330670000000, 1
5.161335810000000, 0
5.165334980000000, 1
5.165340110000000, 0
5.169339040000001, 1
5.169344170000000, 0
5.173343460000000, 1
5.173348600000000, 0
5.177347650000000, 1
5.177352780000001, 0
5.181351950000000, 1
5.181357080000000, 0
5.185356070000000, 1
5.185361200000000, 0
5.189360440000000, 1
5.189365570000001, 0
5.193364560000000, 1
5.193369690000000, 0
5.197368980000000, 1
5.197374120000000, 0
5.201373040000000, 1
5.201378170000000, 0
5.205377470000000, 1
5.205382600000000, 0
5.209381530000000, 1
5.209386660000000, 0
5.213385950000000, 1
5.213391090000000, 0
5.217390200000001, 1
5.217395330000000, 0
5.221394440000000, 1
5.221399570000000, 0
5.225398500000000, 1
5.225403630000000, 0
5.229402670000000, 1
5.229407810000001, 0
5.233407110000000, 1
5.233412240000000, 0
5.237411220000000, 1
5.237416350000000, 0
5.241415470000000, 1
5.241420600000001, 0
5.245419830000000, 1
5.245424960000000, 0
5.249423950000000, 1
5.249429090000000, 0
5.253428260000000, 1
5.253433390000001, 0
5.257432500000000, 1
5.257437640000000, 0
5.261436810000000, 1
5.261441940000000, 0
5.265441000000000, 1
5.265446130000000, 0
5.269445300000000, 1
5.269450430000000, 0
5.273449420000000, 1
5.273454550000000, 0
5.277453600000000, 1
5.277458730000000, 0
5.281458090000000, 1
5.281463230000000, 0
5.285462270000000, 1
5.285467400000000, 0
5.289466520000000, 1
5.289471650000000, 0
5.293470760000000, 1
5.293475890000000, 0
5.297475000000000, 1
5.297480130000000, 0
5.301479240000000, 1
5.301484380000000, 0
5.305483360000000, 1
5.305488500000000, 0
5.309487730000000, 1
5.309492860000000, 0
5.313491980000000, 1
5.313497110000000, 0
5.317496220000000, 1
5.317501350000000, 0
5.321500340000000, 1
5.321505470000000, 0
5.325504520000000, 1
5.325509650000000, 0
5.329508950000000, 1
5.329514080000000, 0
5.333513000000000, 1
5.333518140000000, 0
5.337517320000000, 1
5.337522450000000, 0
5.341521680000000, 1
5.341526820000000, 0
5.345525870000000, 1
5.345531000000000, 0
5.349530170000000, 1
5.349535300000000, 0
5.353534480000000, 1
5.353539610000000, 0
5.357538660000000, 1
5.357543790000000, 0
5.361542840000000, 1
5.361547970000000, 0
5.365546960000001, 1
5.365552090000000, 0
5.369551390000000, 1
5.369556520000000, 0
5.373555630000000, 1
5.373560760000000, 0
5.377559750000001, 1
5.377564880000000, 0
5.381564120000000, 1
5.381569250000000, 0
5.385568240000000, 1
5.385573370000000, 0
5.389572420000000, 1
5.389577550000000, 0
5.393576910000000, 1
5.393582050000000, 0
5.397580970000000, 1
5.397586100000000, 0
5.401585210000000, 1
5.401590350000000, 0
5.405589580000000, 1
5.405594710000000, 0
5.409593760000000, 1
5.409598890000000, 0
5.413598060000000, 1
5.413603200000000, 0
5.417602190000000, 1
5.417607320000000, 0
5.421606550000000, 1
5.421611690000000, 0
5.425610670000000, 1
5.425615810000000, 0
5.429614910000000, 1
5.429620050000000, 0
5.433619160000000, 1
5.433624290000000, 0
5.437623590000000, 1
5.437628720000000, 0
5.441627650000000, 1
5.441632780000000, 0
5.445632010000000, 1
5.445637150000000, 0
5.449636320000000, 1
5.449641450000001, 0
5.453640500000001, 1
5.453645640000000, 0
5.457644620000000, 1
5.457649760000000, 0
5.461648860000000, 1
5.461654000000000, 0
5.465653300000000, 1
5.465658430000000, 0
5.469657540000000, 1
5.469662670000000, 0
5.473661600000000, 1
5.473666730000000, 0
5.477665900000000, 1
5.477671030000000, 0
5.481670280000000, 1
5.481675410000000, 0
5.485674520000000, 1
5.485679650000000, 0
5.489678580000001, 1
5.489683710000000, 0
5.493682760000000, 1
5.493687890000000, 0
5.497687250000000, 1
5.497692380000000, 0
5.501691300000000, 1
5.501696440000000, 0
5.505695550000000, 1
5.505700680000000, 0
5.509699980000000, 1
5.509705110000001, 0
5.513704100000000, 1
5.513709230000000, 0
5.517708410000000, 1
5.517713540000000, 0
5.521712650000000, 1
5.521717790000000, 0
5.525716900000000, 1
5.525722030000000, 0
5.529721080000000, 1
5.529726220000000, 0
5.533725260000000, 1
5.533730390000001, 0
5.537729510000000, 1
5.537734640000000, 0
5.541733690000000, 1
5.541738820000000, 0
5.545738000000000, 1
5.545743130000000, 0
5.549742170000000, 1
5.549747300000000, 0
5.553746490000000, 1
5.553751620000000, 0
5.557750660000000, 1
5.557755800000000, 0
5.561754970000000, 1
5.561760100000000, 0
5.565759400000000, 1
5.565764530000000, 0
5.569763460000000, 1
5.569768590000000, 0
5.573767820000000, 1
5.573772960000000, 0
5.577772140000000, 1
5.577777270000000, 0
5.581776320000000, 1
5.581781450000000, 0
5.585780570000000, 1
5.585785700000000, 0
5.589784620000001, 1
5.589789750000000, 0
5.593788930000001, 1
5.593794070000000, 0
5.597793170000000, 1
5.597798310000000, 0
5.601797420000000, 1
5.601802550000000, 0
5.605801850000000, 1
5.605806980000001, 0
5.609805910000000, 1
5.609811040000000, 0
5.613810090000000, 1
5.613815220000000, 0
5.617814400000000, 1
5.617819530000000, 0
5.621818830000000, 1
5.621823960000000, 0
5.625822880000000, 1
5.625828020000000, 0
5.629827120000000, 1
5.629832260000000, 0
5.633831430000000, 1
5.633836570000000, 0
5.637835730000000, 1
5.637840870000000, 0
5.641839920000000, 1
5.641845050000000, 0
5.645844220000000, 1
5.645849350000000, 0
5.649848400000000, 1
5.649853540000001, 0
5.653852710000000, 1
5.653857840000000, 0
5.657856830000000, 1
5.657861960000000, 0
5.661861200000000, 1
5.661866330000001, 0
5.665865320000000, 1
5.665870450000000, 0
5.669869560000000, 1
5.669874690000000, 0
5.673873740000000, 1
5.673878870000000, 0
5.677878230000000, 1
5.677883360000000, 0
5.681882420000000, 1
5.681887550000000, 0
5.685886470000000, 1
5.685891600000000, 0
5.689890780000000, 1
5.689895910000000, 0
5.693895140000000, 1
5.693900280000000, 0
5.697899330000000, 1
5.697904460000000, 0
5.701903630000000, 1
5.701908760000000, 0
5.705907750000000, 1
5.705912880000001, 0
5.709911930000001, 1
5.709917060000000, 0
5.713916240000001, 1
5.713921370000000, 0
5.717920420000000, 1
5.717925550000000, 0
5.721924790000000, 1
5.721929920000000, 0
5.725929030000001, 1
5.725934160000000, 0
5.729933340000001, 1
5.729938470000000, 0
5.733937450000000, 1
5.733942590000000, 0
5.737941700000000, 1
5.737946830000000, 0
5.741946070000000, 1
5.741951200000000, 0
5.745950250000000, 1
5.745955380000000, 0
5.749954430000000, 1
5.749959560000000, 0
5.753958860000000, 1
5.753963990000000, 0
5.757962850000000, 1
5.757967980000000, 0
5.761967160000000, 1
5.761972290000000, 0
5.765971390000000, 1
5.765976530000001, 0
5.769975770000000, 1
5.769980900000000, 0
5.773980000000000, 1
5.773985140000000, 0
5.777984310000000, 1
5.777989440000000, 0
5.781988490000000, 1
5.781993620000000, 0
5.785992740000000, 1
5.785997870000000, 0
5.789996790000000, 1
5.790001920000000, 0
5.794001100000000, 1
5.794006230000000, 0
5.798005460000000, 1
5.798010590000001, 0
5.802009640000001, 1
5.802014780000000, 0
5.806013940000000, 1
5.806019080000000, 0
5.810018070000000, 1
5.810023200000000, 0
5.814022490000000, 1
5.814027620000000, 0
5.818026550000000, 1
5.818031680000000, 0
5.822030730000000, 1
5.822035860000000, 0
5.826035040000000, 1
5.826040170000000, 0
5.830039220000000, 1
5.830044350000001, 0
5.834043530000000, 1
5.834048660000001, 0
5.838047890000000, 1
5.838053020000000, 0
5.842052010000000, 1
5.842057140000001, 0
5.846056380000000, 1
5.846061510000000, 0
5.850060430000000, 1
5.850065570000000, 0
5.854064920000000, 1
5.854070060000000, 0
5.858068980000001, 1
5.858074110000000, 0
5.862073340000000, 1
5.862078480000000, 0
5.866077470000000, 1
5.866082600000000, 0
5.870081770000001, 1
5.870086900000000, 0
5.874086070000000, 1
5.874091210000000, 0
5.878090310000000, 1
5.878095440000000, 0
5.882094500000000, 1
5.882099630000000, 0
5.886098800000000, 1
5.886103930000000, 0
5.890103040000001, 1
5.890108170000000, 0
5.894107160000000, 1
5.894112290000000, 0
5.898111400000000, 1
5.898116530000000, 0
5.902115830000001, 1
5.902120960000000, 0
5.906120010000000, 1
5.906125140000000, 0
5.910124250000000, 1
5.910129380000000, 0
5.914128430000000, 1
5.914133560000000, 0
5.918132730000000, 1
5.918137870000000, 0
5.922136920000000, 1
5.922142050000000, 0
5.926141220000000, 1
5.926146350000000, 0
5.930145470000000, 1
5.930150600000000, 0
5.934149710000000, 1
5.934154840000000, 0
5.938154020000000, 1
5.938159150000000, 0
5.942158200000000, 1
5.942163330000001, 0
5.946162440000000, 1
5.946167570000000, 0
5.950166680000000, 1
5.950171810000001, 0
5.954170990000000, 1
5.954176120000001, 0
5.958174980000000, 1
5.958180110000000, 0
5.962179290000000, 1
5.962184420000000, 0
5.966183650000001, 1
5.966188780000000, 0
5.970187770000000, 1
5.970192900000000, 0
5.974192200000000, 1
5.974197330000000, 0
5.978196450000000, 1
5.978201580000000, 0
5.982200690000000, 1
5.982205820000000, 0
5.986204870000000, 1
5.986210010000000, 0
5.990208990000000, 1
5.990214120000000, 0
5.994213240000001, 1
5.994218370000000, 0
5.998217600000000, 1
5.998222740000000, 0
6.002221730000000, 1
6.002226860000000, 0
6.006225910000000, 1
6.006231040000000, 0
6.010230220000000, 1
6.010235350000000, 0
6.014234590000000, 1
6.014239720000000, 0
6.018238900000000, 1
6.018244030000000, 0
6.022243080000000, 1
6.022248210000000, 0
6.026247200000000, 1
6.026252330000000, 0
6.030251570000000, 1
6.030256700000000, 0
6.034255880000000, 1
6.034261010000000, 0
6.038259870000000, 1
6.038265000000000, 0
6.042264120000000, 1
6.042269250000000, 0
6.046268550000000, 1
6.046273680000001, 0
6.050272800000000, 1
6.050277930000000, 0
6.054277040000001, 1
6.054282170000000, 0
6.058281160000000, 1
6.058286290000000, 0
6.062285590000000, 1
6.062290720000000, 0
6.066289770000000, 1
6.066294900000000, 0
6.070293820000000, 1
6.070298950000000, 0
6.074298320000000, 1
6.074303450000000, 0
6.078302490000000, 1
6.078307630000000, 0
6.082306550000000, 1
6.082311690000000, 0
6.086310980000000, 1
6.086316110000000, 0
6.090315040000000, 1
6.090320170000000, 0
6.094319470000000, 1
6.094324600000000, 0
6.098323590000001, 1
6.098328720000000, 0
6.102327950000000, 1
6.102333090000000, 0
6.106332020000000, 1
6.106337150000000, 0
6.110336440000000, 1
6.110341580000000, 0
6.114340560000000, 1
6.114345700000000, 0
6.118344930000000, 1
6.118350060000000, 0
6.122348990000000, 1
6.122354120000000, 0
6.126353290000000, 1
6.126358420000000, 0
6.130357540000000, 1
6.130362670000000, 0
6.134361780000000, 1
6.134366910000000, 0
6.138366030000000, 1
6.138371160000000, 0
6.142370390000000, 1
6.142375530000000, 0
6.146374580000000, 1
6.146379710000000, 0
6.150378880000000, 1
6.150384010000000, 0
6.154383000000000, 1
6.154388140000000, 0
6.158387370000000, 1
6.158392500000000, 0
6.162391490000000, 1
6.162396620000000, 0
6.166395920000000, 1
6.166401060000000, 0
6.170399990000000, 1
6.170405120000000, 0
6.174404350000001, 1
6.174409490000000, 0
6.178408600000000, 1
6.178413740000000, 0
6.182412910000000, 1
6.182418040000000, 0
6.186417030000000, 1
6.186422170000000, 0
6.190421400000000, 1
6.190426530000000, 0
6.194425590000000, 1
6.194430720000000, 0
6.198429640000001, 1
6.198434770000000, 0
6.202434140000000, 1
6.202439270000000, 0
6.206438380000000, 1
6.206443510000000, 0
6.210442440000000, 1
6.210447570000000, 0
6.214446800000000, 1
6.214451940000000, 0
6.218450930000000, 1
6.218456060000000, 0
6.222455290000000, 1
6.222460430000000, 0
6.226459480000000, 1
6.226464610000000, 0
6.230463780000000, 1
6.230468910000000, 0
6.234467900000000, 1
6.234473040000000, 0
6.238472200000000, 1
6.238477340000000, 0
6.242476330000001, 1
6.242481460000000, 0
6.246480630000000, 1
6.246485760000001, 0
6.250484940000000, 1
6.250490070000001, 0
6.254489060000000, 1
6.254494190000000, 0
6.258493560000000, 1
6.258498690000000, 0
6.262497730000000, 1
6.262502860000001, 0
6.266501860000000, 1
6.266506990000000, 0
6.270506100000000, 1
6.270511230000000, 0
6.274510340000000, 1
6.274515480000000, 0
6.278514710000000, 1
6.278519840000000, 0
6.282518840000000, 1
6.282523970000000, 0
6.286523200000000, 1
6.286528340000000, 0
6.290527260000000, 1
6.290532400000000, 0
6.294531500000000, 1
6.294536640000000, 0
6.298535810000000, 1
6.298540940000001, 0
6.302540180000000, 1
6.302545310000000, 0
6.306544300000001, 1
6.306549430000000, 0
6.310548660000000, 1
6.310553800000000, 0
6.314552790000000, 1
6.314557920000000, 0
6.318557090000001, 1
6.318562220000000, 0
6.322561280000000, 1
6.322566410000000, 0
6.326565640000000, 1
6.326570770000000, 0
6.330569760000000, 1
6.330574890000000, 0
6.334574130000000, 1
6.334579260000000, 0
6.338578250000000, 1
6.338583380000000, 0
6.342582670000001, 1
6.342587810000000, 0
6.346586800000000, 1
6.346591930000000, 0
6.350590910000000, 1
6.350596040000000, 0
6.354595160000001, 1
6.354600290000000, 0
6.358599530000000, 1
6.358604660000000, 0
6.362603650000000, 1
6.362608780000000, 0
6.366608070000000, 1
6.366613210000000, 0
6.370612390000000, 1
6.370617520000000, 0
6.374616560000000, 1
6.374621700000001, 0
6.378620690000000, 1
6.378625820000000, 0
6.382625050000001, 1
6.382630190000000, 0
6.386629180000000, 1
6.386634310000000, 0
6.390633610000000, 1
6.390638740000000, 0
6.394637600000000, 1
6.394642740000000, 0
6.398642030000000, 1
6.398647170000000, 0
6.402646160000000, 1
6.402651290000001, 0
6.406650400000000, 1
6.406655530000000, 0
6.410654700000000, 1
6.410659840000000, 0
6.414659010000000, 1
6.414664140000000, 0
6.418663320000000, 1
6.418668450000000, 0
6.422667490000000, 1
6.422672630000000, 0
6.426671610000001, 1
6.426676750000000, 0
6.430675790000000, 1
6.430680920000000, 0
6.434680100000000, 1
6.434685230000000, 0
6.438684470000000, 1
6.438689600000000, 0
6.442688710000001, 1
6.442693840000000, 0
6.446692950000000, 1
6.446698080000000, 0
6.450697070000000, 1
6.450702200000000, 0
6.454701500000001, 1
6.454706630000000, 0
6.458705560000000, 1
6.458710690000000, 0
6.462709920000000, 1
6.462715050000000, 0
6.466714040000000, 1
6.466719170000000, 0
6.470718410000000, 1
6.470723540000000, 0
6.474722720000000, 1
6.474727850000000, 0
6.478726890000000, 1
6.478732030000000, 0
6.482731020000000, 1
6.482736150000000, 0
6.486735200000000, 1
6.486740330000000, 0
6.490739570000001, 1
6.490744700000000, 0
6.494743680000000, 1
6.494748820000000, 0
6.498748120000000, 1
6.498753250000000, 0
6.502752360000001, 1
6.502757490000000, 0
6.506756480000000, 1
6.506761620000000, 0
6.510760660000000, 1
6.510765790000000, 0
6.514764970000000, 1
6.514770100000000, 0
6.518769390000000, 1
6.518774520000000, 0
6.522773450000000, 1
6.522778590000000, 0
6.526777880000000, 1
6.526783010000000, 0
6.530782000000000, 1
6.530787130000000, 0
6.534786300000000, 1
6.534791430000000, 0
6.538790420000000, 1
6.538795550000001, 0
6.542794850000000, 1
6.542799980000000, 0
6.546798910000000, 1
6.546804040000000, 0
6.550803210000000, 1
6.550808340000001, 0
6.554807390000001, 1
6.554812520000000, 0
6.558811630000000, 1
6.558816760000000, 0
6.562815880000000, 1
6.562821010000000, 0
6.566820240000000, 1
6.566825370000000, 0
6.570824550000000, 1
6.570829680000000, 0
6.574828600000000, 1
6.574833730000000, 0
6.578832910000000, 1
6.578838040000000, 0
6.582837270000000, 1
6.582842400000001, 0
6.586841390000000, 1
6.586846520000000, 0
6.590845690000000, 1
6.590850830000000, 0
6.594849820000000, 1
6.594854950000000, 0
6.598854060000000, 1
6.598859190000000, 0
6.602858240000000, 1
6.602863370000001, 0
6.606862670000000, 1
6.606867800000000, 0
6.610866790000000, 1
6.610871930000000, 0
6.614871160000000, 1
6.614876290000000, 0
6.618875280000000, 1
6.618880410000000, 0
6.622879650000000, 1
6.622884780000001, 0
6.626883890000000, 1
6.626889020000000, 0
6.630887940000000, 1
6.630893080000000, 0
6.634892250000000, 1
6.634897390000000, 0
6.638896680000000, 1
6.638901810000000, 0
6.642900800000000, 1
6.642905930000000, 0
6.646905100000001, 1
6.646910240000000, 0
6.650909160000000, 1
6.650914290000000, 0
6.654913590000000, 1
6.654918720000000, 0
6.658917710000000, 1
6.658922840000000, 0
6.662922070000000, 1
6.662927210000000, 0
6.666926200000000, 1
6.666931330000000, 0
6.670930560000000, 1
6.670935690000000, 0
6.674934870000000, 1
6.674940000000000, 0
6.678939040000000, 1
6.678944180000000, 0
6.682943170000000, 1
6.682948300000001, 0
6.686947530000000, 1
6.686952660000000, 0
6.690951770000000, 1
6.690956910000000, 0
6.694955820000001, 1
6.694960960000000, 0
6.698960190000000, 1
6.698965330000000, 0
6.702964490000000, 1
6.702969630000000, 0
6.706968610000001, 1
6.706973750000000, 0
6.710972850000000, 1
6.710977990000000, 0
6.714977100000000, 1
6.714982230000000, 0
6.718981470000000, 1
6.718986600000000, 0
6.722985590000000, 1
6.722990730000000, 0
6.726989770000000, 1
6.726994900000000, 0
6.730994080000000, 1
6.730999210000000, 0
6.734998440000000, 1
6.735003570000000, 0
6.739002680000000, 1
6.739007820000000, 0
6.743006920000000, 1
6.743012050000000, 0
6.747010980000000, 1
6.747016110000001, 0
6.751015470000000, 1
6.751020600000000, 0
